year,match_id,team,goals_for_1h,goals_for_2h,goals_against_1h,goals_against_2h
2022,2022_0,Argentina,1,1,0,1
2022,2022_0,France,0,1,1,1
2022,2022_1,Croatia,2,0,1,0
2022,2022_1,Morocco,1,0,2,0
2022,2022_2,France,1,1,0,0
2022,2022_2,Morocco,0,0,1,1
2022,2022_3,Argentina,1,1,0,0
2022,2022_3,Croatia,0,0,1,1
2022,2022_4,Morocco,1,0,0,0
2022,2022_4,Portugal,0,0,1,0
2022,2022_5,England,0,0,1,1
2022,2022_5,France,1,1,0,0
2022,2022_6,Croatia,0,1,0,1
2022,2022_6,Brazil,0,1,0,1
2022,2022_7,Netherlands,0,2,1,0
2022,2022_7,Argentina,1,0,0,2
2022,2022_8,Morocco,0,0,0,0
2022,2022_8,Spain,0,0,0,0
2022,2022_9,Portugal,2,4,0,1
2022,2022_9,Switzerland,0,1,2,4
2022,2022_10,Japan,1,0,0,1
2022,2022_10,Croatia,0,1,1,0
2022,2022_11,Brazil,3,0,0,1
2022,2022_11,Korea Republic,0,1,3,0
2022,2022_12,France,1,2,0,0
2022,2022_12,Poland,0,0,1,2
2022,2022_13,England,2,1,0,0
2022,2022_13,Senegal,0,0,2,1
2022,2022_14,Netherlands,2,1,0,1
2022,2022_14,United States,0,1,2,1
2022,2022_15,Argentina,1,1,0,0
2022,2022_15,Australia,0,0,1,1
2022,2022_16,Korea Republic,1,1,1,0
2022,2022_16,Portugal,1,0,1,1
2022,2022_17,Ghana,0,0,2,0
2022,2022_17,Uruguay,2,0,0,0
2022,2022_18,Cameroon,0,1,0,0
2022,2022_18,Brazil,0,0,0,1
2022,2022_19,Serbia,2,0,2,1
2022,2022_19,Switzerland,2,1,2,0
2022,2022_20,Canada,0,0,2,0
2022,2022_20,Morocco,2,0,0,0
2022,2022_21,Croatia,0,0,0,0
2022,2022_21,Belgium,0,0,0,0
2022,2022_22,Costa Rica,0,1,1,3
2022,2022_22,Germany,1,3,0,1
2022,2022_23,Japan,0,2,1,0
2022,2022_23,Spain,1,0,0,2
2022,2022_24,Australia,0,1,0,0
2022,2022_24,Denmark,0,0,0,1
2022,2022_25,Tunisia,0,1,0,0
2022,2022_25,France,0,0,0,1
2022,2022_26,Saudi Arabia,0,1,0,2
2022,2022_26,Mexico,0,2,0,1
2022,2022_27,Poland,0,0,0,2
2022,2022_27,Argentina,0,2,0,0
2022,2022_28,Ecuador,0,1,0,1
2022,2022_28,Senegal,0,1,0,1
2022,2022_29,Netherlands,1,1,0,0
2022,2022_29,Qatar,0,0,1,1
2022,2022_30,IR Iran,0,0,1,0
2022,2022_30,United States,1,0,0,0
2022,2022_31,Wales,0,0,0,3
2022,2022_31,England,0,3,0,0
2022,2022_32,Cameroon,1,2,2,1
2022,2022_32,Serbia,2,1,1,2
2022,2022_33,Korea Republic,0,2,2,1
2022,2022_33,Ghana,2,1,0,2
2022,2022_34,Brazil,0,1,0,0
2022,2022_34,Switzerland,0,0,0,1
2022,2022_35,Portugal,0,1,0,0
2022,2022_35,Uruguay,0,0,0,1
2022,2022_36,Japan,0,0,0,1
2022,2022_36,Costa Rica,0,1,0,0
2022,2022_37,Belgium,0,0,0,2
2022,2022_37,Morocco,0,2,0,0
2022,2022_38,Croatia,2,2,1,0
2022,2022_38,Canada,1,0,2,2
2022,2022_39,Spain,0,1,0,1
2022,2022_39,Germany,0,1,0,1
2022,2022_40,Tunisia,0,0,1,0
2022,2022_40,Australia,1,0,0,0
2022,2022_41,Poland,1,1,0,0
2022,2022_41,Saudi Arabia,0,0,1,1
2022,2022_42,France,0,2,0,1
2022,2022_42,Denmark,0,1,0,2
2022,2022_43,Argentina,0,2,0,0
2022,2022_43,Mexico,0,0,0,2
2022,2022_44,Wales,0,0,0,2
2022,2022_44,IR Iran,0,2,0,0
2022,2022_45,Qatar,0,1,1,2
2022,2022_45,Senegal,1,2,0,1
2022,2022_46,Netherlands,1,0,0,1
2022,2022_46,Ecuador,0,1,1,0
2022,2022_47,England,0,0,0,0
2022,2022_47,United States,0,0,0,0
2022,2022_48,Switzerland,0,1,0,0
2022,2022_48,Cameroon,0,0,0,1
2022,2022_49,Uruguay,0,0,0,0
2022,2022_49,Korea Republic,0,0,0,0
2022,2022_50,Portugal,0,2,0,2
2022,2022_50,Ghana,0,2,0,2
2022,2022_51,Brazil,0,2,0,0
2022,2022_51,Serbia,0,0,0,2
2022,2022_52,Morocco,0,0,0,0
2022,2022_52,Croatia,0,0,0,0
2022,2022_53,Germany,0,0,0,2
2022,2022_53,Japan,0,2,0,0
2022,2022_54,Spain,2,4,0,0
2022,2022_54,Costa Rica,0,0,2,4
2022,2022_55,Belgium,1,0,0,0
2022,2022_55,Canada,0,0,1,0
2022,2022_56,Argentina,0,0,0,2
2022,2022_56,Saudi Arabia,0,2,0,0
2022,2022_57,Denmark,0,0,0,0
2022,2022_57,Tunisia,0,0,0,0
2022,2022_58,Mexico,0,0,0,0
2022,2022_58,Poland,0,0,0,0
2022,2022_59,France,2,2,1,0
2022,2022_59,Australia,1,0,2,2
2022,2022_60,England,3,3,0,1
2022,2022_60,IR Iran,0,1,3,3
2022,2022_61,Senegal,0,0,0,2
2022,2022_61,Netherlands,0,2,0,0
2022,2022_62,United States,1,0,0,0
2022,2022_62,Wales,0,0,1,0
2022,2022_63,Qatar,0,0,1,0
2022,2022_63,Ecuador,1,0,0,0
2018,2018_64,France,0,2,1,1
2018,2018_64,Croatia,1,1,0,2
2018,2018_65,Belgium,1,1,0,0
2018,2018_65,England,0,0,1,1
2018,2018_66,Croatia,0,2,1,0
2018,2018_66,England,1,0,0,2
2018,2018_67,France,0,1,0,0
2018,2018_67,Belgium,0,0,0,1
2018,2018_68,Sweden,0,0,1,1
2018,2018_68,England,1,1,0,0
2018,2018_69,Russia,1,1,1,1
2018,2018_69,Croatia,1,1,1,1
2018,2018_70,Uruguay,0,0,1,1
2018,2018_70,France,1,1,0,0
2018,2018_71,Brazil,0,1,1,0
2018,2018_71,Belgium,1,0,0,1
2018,2018_72,Sweden,0,1,0,0
2018,2018_72,Switzerland,0,0,0,1
2018,2018_73,Colombia,0,1,0,0
2018,2018_73,England,0,0,0,1
2018,2018_74,Brazil,0,2,0,0
2018,2018_74,Mexico,0,0,0,2
2018,2018_75,Belgium,0,3,0,2
2018,2018_75,Japan,0,2,0,3
2018,2018_76,Spain,0,0,0,0
2018,2018_76,Russia,0,0,0,0
2018,2018_77,Croatia,1,0,1,0
2018,2018_77,Denmark,1,0,1,0
2018,2018_78,France,0,3,1,2
2018,2018_78,Argentina,1,2,0,3
2018,2018_79,Uruguay,1,1,0,1
2018,2018_79,Portugal,0,1,1,1
2018,2018_80,Japan,0,0,0,1
2018,2018_80,Poland,0,1,0,0
2018,2018_81,Senegal,0,0,0,1
2018,2018_81,Colombia,0,1,0,0
2018,2018_82,England,0,0,0,1
2018,2018_82,Belgium,0,1,0,0
2018,2018_83,Panama,0,0,0,2
2018,2018_83,Tunisia,0,2,0,0
2018,2018_84,Korea Republic,0,2,0,0
2018,2018_84,Germany,0,0,0,2
2018,2018_85,Mexico,0,0,0,1
2018,2018_85,Sweden,0,1,0,0
2018,2018_86,Switzerland,1,1,0,1
2018,2018_86,Costa Rica,0,1,1,1
2018,2018_87,Serbia,0,0,1,1
2018,2018_87,Brazil,1,1,0,0
2018,2018_88,Australia,0,0,1,1
2018,2018_88,Peru,1,1,0,0
2018,2018_89,Denmark,0,0,0,0
2018,2018_89,France,0,0,0,0
2018,2018_90,Iceland,0,0,0,2
2018,2018_90,Croatia,0,2,0,0
2018,2018_91,Nigeria,0,0,1,1
2018,2018_91,Argentina,1,1,0,0
2018,2018_92,Saudi Arabia,0,1,1,0
2018,2018_92,Egypt,1,0,0,1
2018,2018_93,Uruguay,1,1,0,0
2018,2018_93,Russia,0,0,1,1
2018,2018_94,Spain,1,1,1,1
2018,2018_94,Morocco,1,1,1,1
2018,2018_95,IR Iran,0,0,1,0
2018,2018_95,Portugal,1,0,0,0
2018,2018_96,England,3,1,0,1
2018,2018_96,Panama,0,1,3,1
2018,2018_97,Japan,1,1,1,1
2018,2018_97,Senegal,1,1,1,1
2018,2018_98,Poland,0,0,1,2
2018,2018_98,Colombia,1,2,0,0
2018,2018_99,Belgium,2,2,1,1
2018,2018_99,Tunisia,1,1,2,2
2018,2018_100,Korea Republic,0,1,0,1
2018,2018_100,Mexico,0,1,0,1
2018,2018_101,Germany,0,2,1,0
2018,2018_101,Sweden,1,0,0,2
2018,2018_102,Brazil,0,2,0,0
2018,2018_102,Costa Rica,0,0,0,2
2018,2018_103,Nigeria,0,2,0,0
2018,2018_103,Iceland,0,0,0,2
2018,2018_104,Serbia,1,0,0,2
2018,2018_104,Switzerland,0,2,1,0
2018,2018_105,Denmark,1,0,0,0
2018,2018_105,Australia,0,0,1,0
2018,2018_106,France,1,0,0,0
2018,2018_106,Peru,0,0,1,0
2018,2018_107,Argentina,0,0,0,3
2018,2018_107,Croatia,0,3,0,0
2018,2018_108,Portugal,1,0,0,0
2018,2018_108,Morocco,0,0,1,0
2018,2018_109,Uruguay,1,0,0,0
2018,2018_109,Saudi Arabia,0,0,1,0
2018,2018_110,IR Iran,0,0,0,1
2018,2018_110,Spain,0,1,0,0
2018,2018_111,Colombia,1,0,0,1
2018,2018_111,Japan,0,1,1,0
2018,2018_112,Poland,0,1,0,1
2018,2018_112,Senegal,0,1,0,1
2018,2018_113,Russia,0,2,0,0
2018,2018_113,Egypt,0,0,0,2
2018,2018_114,Sweden,0,0,0,0
2018,2018_114,Korea Republic,0,0,0,0
2018,2018_115,Belgium,0,3,0,0
2018,2018_115,Panama,0,0,0,3
2018,2018_116,Tunisia,0,0,1,1
2018,2018_116,England,1,1,0,0
2018,2018_117,Costa Rica,0,0,0,1
2018,2018_117,Serbia,0,1,0,0
2018,2018_118,Germany,0,0,1,0
2018,2018_118,Mexico,1,0,0,0
2018,2018_119,Brazil,1,0,0,1
2018,2018_119,Switzerland,0,1,1,0
2018,2018_120,France,0,0,0,0
2018,2018_120,Australia,0,0,0,0
2018,2018_121,Argentina,1,0,1,0
2018,2018_121,Iceland,1,0,1,0
2018,2018_122,Peru,0,0,0,1
2018,2018_122,Denmark,0,1,0,0
2018,2018_123,Croatia,0,0,0,0
2018,2018_123,Nigeria,0,0,0,0
2018,2018_124,Egypt,0,0,0,1
2018,2018_124,Uruguay,0,1,0,0
2018,2018_125,Morocco,0,0,0,0
2018,2018_125,IR Iran,0,0,0,0
2018,2018_126,Portugal,1,1,1,2
2018,2018_126,Spain,1,2,1,1
2018,2018_127,Russia,2,3,0,0
2018,2018_127,Saudi Arabia,0,0,2,3
2014,2014_128,Germany,0,1,0,0
2014,2014_128,Argentina,0,0,0,1
2014,2014_129,Brazil,0,0,1,1
2014,2014_129,Netherlands,1,1,0,0
2014,2014_130,Netherlands,0,0,0,0
2014,2014_130,Argentina,0,0,0,0
2014,2014_131,Brazil,0,1,5,2
2014,2014_131,Germany,5,2,0,1
2014,2014_132,Argentina,1,0,0,0
2014,2014_132,Belgium,0,0,1,0
2014,2014_133,Netherlands,0,0,0,0
2014,2014_133,Costa Rica,0,0,0,0
2014,2014_134,France,0,0,1,0
2014,2014_134,Germany,1,0,0,0
2014,2014_135,Brazil,1,1,0,0
2014,2014_135,Colombia,0,0,1,1
2014,2014_136,Argentina,0,1,0,0
2014,2014_136,Switzerland,0,0,0,1
2014,2014_137,Belgium,0,2,0,1
2014,2014_137,United States,0,1,0,2
2014,2014_138,France,0,1,0,0
2014,2014_138,Nigeria,0,0,0,1
2014,2014_139,Germany,0,2,0,1
2014,2014_139,Algeria,0,1,0,2
2014,2014_140,Netherlands,0,1,0,1
2014,2014_140,Mexico,0,1,0,1
2014,2014_141,Costa Rica,0,1,0,1
2014,2014_141,Greece,0,1,0,1
2014,2014_142,Brazil,1,0,1,0
2014,2014_142,Chile,1,0,1,0
2014,2014_143,Colombia,1,1,0,0
2014,2014_143,Uruguay,0,0,1,1
2014,2014_144,United States,0,0,0,1
2014,2014_144,Germany,0,1,0,0
2014,2014_145,Portugal,0,1,0,1
2014,2014_145,Ghana,0,1,0,1
2014,2014_146,Korea Republic,0,0,0,1
2014,2014_146,Belgium,0,1,0,0
2014,2014_147,Algeria,0,1,1,0
2014,2014_147,Russia,1,0,0,1
2014,2014_148,Bosnia and Herzegovina,1,2,0,1
2014,2014_148,IR Iran,0,1,1,2
2014,2014_149,Nigeria,1,1,2,1
2014,2014_149,Argentina,2,1,1,1
2014,2014_150,Honduras,0,0,2,1
2014,2014_150,Switzerland,2,1,0,0
2014,2014_151,Ecuador,0,0,0,0
2014,2014_151,France,0,0,0,0
2014,2014_152,Costa Rica,0,0,0,0
2014,2014_152,England,0,0,0,0
2014,2014_153,Italy,0,0,0,1
2014,2014_153,Uruguay,0,1,0,0
2014,2014_154,Japan,1,0,0,3
2014,2014_154,Colombia,0,3,1,0
2014,2014_155,Greece,1,0,0,1
2014,2014_155,Côte d'Ivoire,0,1,1,0
2014,2014_156,Australia,0,0,1,2
2014,2014_156,Spain,1,2,0,0
2014,2014_157,Netherlands,0,2,0,0
2014,2014_157,Chile,0,0,0,2
2014,2014_158,Croatia,0,1,0,3
2014,2014_158,Mexico,0,3,0,1
2014,2014_159,Cameroon,1,0,2,2
2014,2014_159,Brazil,2,2,1,0
2014,2014_160,Belgium,0,1,0,0
2014,2014_160,Russia,0,0,0,1
2014,2014_161,Korea Republic,0,2,3,1
2014,2014_161,Algeria,3,1,0,2
2014,2014_162,United States,0,2,1,1
2014,2014_162,Portugal,1,1,0,2
2014,2014_163,Argentina,0,1,0,0
2014,2014_163,IR Iran,0,0,0,1
2014,2014_164,Germany,0,2,0,2
2014,2014_164,Ghana,0,2,0,2
2014,2014_165,Nigeria,1,0,0,0
2014,2014_165,Bosnia and Herzegovina,0,0,1,0
2014,2014_166,Italy,0,0,1,0
2014,2014_166,Costa Rica,1,0,0,0
2014,2014_167,Switzerland,0,2,3,2
2014,2014_167,France,3,2,0,2
2014,2014_168,Honduras,1,0,1,1
2014,2014_168,Ecuador,1,1,1,0
2014,2014_169,Colombia,0,2,0,1
2014,2014_169,Côte d'Ivoire,0,1,0,2
2014,2014_170,Uruguay,1,1,0,1
2014,2014_170,England,0,1,1,1
2014,2014_171,Japan,0,0,0,0
2014,2014_171,Greece,0,0,0,0
2014,2014_172,Australia,1,0,1,2
2014,2014_172,Netherlands,1,2,1,0
2014,2014_173,Spain,0,0,2,0
2014,2014_173,Chile,2,0,0,0
2014,2014_174,Cameroon,0,0,1,3
2014,2014_174,Croatia,1,3,0,0
2014,2014_175,Belgium,0,2,0,0
2014,2014_175,Algeria,0,0,0,2
2014,2014_176,Brazil,0,0,0,0
2014,2014_176,Mexico,0,0,0,0
2014,2014_177,Russia,0,1,0,1
2014,2014_177,Korea Republic,0,1,0,1
2014,2014_178,Germany,2,1,0,0
2014,2014_178,Portugal,0,0,2,1
2014,2014_179,IR Iran,0,0,0,0
2014,2014_179,Nigeria,0,0,0,0
2014,2014_180,Ghana,0,1,1,1
2014,2014_180,United States,1,1,0,1
2014,2014_181,Switzerland,0,2,1,0
2014,2014_181,Ecuador,1,0,0,2
2014,2014_182,France,0,1,0,0
2014,2014_182,Honduras,0,0,0,1
2014,2014_183,Argentina,0,1,0,1
2014,2014_183,Bosnia and Herzegovina,0,1,0,1
2014,2014_184,Colombia,1,2,0,0
2014,2014_184,Greece,0,0,1,2
2014,2014_185,Uruguay,0,0,0,3
2014,2014_185,Costa Rica,0,3,0,0
2014,2014_186,England,1,0,1,1
2014,2014_186,Italy,1,1,1,0
2014,2014_187,Côte d'Ivoire,0,2,1,0
2014,2014_187,Japan,1,0,0,2
2014,2014_188,Mexico,0,1,0,0
2014,2014_188,Cameroon,0,0,0,1
2014,2014_189,Spain,0,0,1,4
2014,2014_189,Netherlands,1,4,0,0
2014,2014_190,Chile,2,1,1,0
2014,2014_190,Australia,1,0,2,1
2014,2014_191,Brazil,1,1,0,0
2014,2014_191,Croatia,0,0,1,1
2010,2010_192,Netherlands,0,0,0,1
2010,2010_192,Spain,0,1,0,0
2010,2010_193,Uruguay,1,1,1,2
2010,2010_193,Germany,1,2,1,1
2010,2010_194,Germany,0,0,0,1
2010,2010_194,Spain,0,1,0,0
2010,2010_195,Uruguay,1,1,1,2
2010,2010_195,Netherlands,1,2,1,1
2010,2010_196,Argentina,0,0,1,3
2010,2010_196,Germany,1,3,0,0
2010,2010_197,Paraguay,0,0,0,1
2010,2010_197,Spain,0,1,0,0
2010,2010_198,Netherlands,0,2,1,0
2010,2010_198,Brazil,1,0,0,2
2010,2010_199,Uruguay,0,1,1,0
2010,2010_199,Ghana,1,0,0,1
2010,2010_200,Paraguay,0,0,0,0
2010,2010_200,Japan,0,0,0,0
2010,2010_201,Spain,0,1,0,0
2010,2010_201,Portugal,0,0,0,1
2010,2010_202,Netherlands,1,1,0,0
2010,2010_202,Slovakia,0,0,1,1
2010,2010_203,Brazil,2,1,0,0
2010,2010_203,Chile,0,0,2,1
2010,2010_204,Germany,2,2,1,0
2010,2010_204,England,1,0,2,2
2010,2010_205,Argentina,2,1,0,1
2010,2010_205,Mexico,0,1,2,1
2010,2010_206,Uruguay,1,1,0,1
2010,2010_206,Korea Republic,0,1,1,1
2010,2010_207,United States,0,0,1,1
2010,2010_207,Ghana,1,1,0,0
2010,2010_208,Portugal,0,0,0,0
2010,2010_208,Brazil,0,0,0,0
2010,2010_209,Korea DPR,0,0,2,1
2010,2010_209,Côte d'Ivoire,2,1,0,0
2010,2010_210,Chile,0,1,2,0
2010,2010_210,Spain,2,0,0,1
2010,2010_211,Switzerland,0,0,0,0
2010,2010_211,Honduras,0,0,0,0
2010,2010_212,Paraguay,0,0,0,0
2010,2010_212,New Zealand,0,0,0,0
2010,2010_213,Slovakia,1,2,0,2
2010,2010_213,Italy,0,2,1,2
2010,2010_214,Denmark,0,1,2,1
2010,2010_214,Japan,2,1,0,1
2010,2010_215,Cameroon,0,0,1,1
2010,2010_215,Netherlands,1,1,0,0
2010,2010_216,Slovenia,0,0,1,0
2010,2010_216,England,1,0,0,0
2010,2010_217,United States,0,1,0,0
2010,2010_217,Algeria,0,0,0,1
2010,2010_218,Ghana,0,0,0,1
2010,2010_218,Germany,0,1,0,0
2010,2010_219,Australia,0,2,0,1
2010,2010_219,Serbia,0,1,0,2
2010,2010_220,Mexico,0,0,1,0
2010,2010_220,Uruguay,1,0,0,0
2010,2010_221,France,0,1,2,0
2010,2010_221,South Africa,2,0,0,1
2010,2010_222,Nigeria,1,0,1,1
2010,2010_222,Korea Republic,1,1,1,0
2010,2010_223,Greece,0,0,0,2
2010,2010_223,Argentina,0,2,0,0
2010,2010_224,Portugal,1,6,0,0
2010,2010_224,Korea DPR,0,0,1,6
2010,2010_225,Chile,0,1,0,0
2010,2010_225,Switzerland,0,0,0,1
2010,2010_226,Spain,1,1,0,0
2010,2010_226,Honduras,0,0,1,1
2010,2010_227,Slovakia,0,0,1,1
2010,2010_227,Paraguay,1,1,0,0
2010,2010_228,Italy,0,0,1,0
2010,2010_228,New Zealand,1,0,0,0
2010,2010_229,Brazil,1,2,0,1
2010,2010_229,Côte d'Ivoire,0,1,1,2
2010,2010_230,Netherlands,0,1,0,0
2010,2010_230,Japan,0,0,0,1
2010,2010_231,Ghana,0,0,1,0
2010,2010_231,Australia,1,0,0,0
2010,2010_232,Cameroon,1,0,1,1
2010,2010_232,Denmark,1,1,1,0
2010,2010_233,Germany,0,0,1,0
2010,2010_233,Serbia,1,0,0,0
2010,2010_234,Slovenia,2,0,0,2
2010,2010_234,United States,0,2,2,0
2010,2010_235,England,0,0,0,0
2010,2010_235,Algeria,0,0,0,0
2010,2010_236,Argentina,1,2,1,0
2010,2010_236,Korea Republic,1,0,1,2
2010,2010_237,Greece,1,1,1,0
2010,2010_237,Nigeria,1,0,1,1
2010,2010_238,France,0,0,0,1
2010,2010_238,Mexico,0,1,0,0
2010,2010_239,Honduras,0,0,1,0
2010,2010_239,Chile,1,0,0,0
2010,2010_240,Spain,0,0,0,1
2010,2010_240,Switzerland,0,1,0,0
2010,2010_241,South Africa,0,0,1,1
2010,2010_241,Uruguay,1,1,0,0
2010,2010_242,New Zealand,0,1,0,1
2010,2010_242,Slovakia,0,1,0,1
2010,2010_243,Côte d'Ivoire,0,0,0,0
2010,2010_243,Portugal,0,0,0,0
2010,2010_244,Brazil,0,2,0,1
2010,2010_244,Korea DPR,0,1,0,2
2010,2010_245,Netherlands,0,1,0,0
2010,2010_245,Denmark,0,0,0,1
2010,2010_246,Japan,1,0,0,0
2010,2010_246,Cameroon,0,0,1,0
2010,2010_247,Italy,0,1,1,0
2010,2010_247,Paraguay,1,0,0,1
2010,2010_248,Algeria,0,0,0,1
2010,2010_248,Slovenia,0,1,0,0
2010,2010_249,Serbia,0,0,0,0
2010,2010_249,Ghana,0,0,0,0
2010,2010_250,Germany,2,2,0,0
2010,2010_250,Australia,0,0,2,2
2010,2010_251,Korea Republic,1,1,0,0
2010,2010_251,Greece,0,0,1,1
2010,2010_252,Argentina,1,0,0,0
2010,2010_252,Nigeria,0,0,1,0
2010,2010_253,England,1,0,1,0
2010,2010_253,United States,1,0,1,0
2010,2010_254,South Africa,0,1,0,1
2010,2010_254,Mexico,0,1,0,1
2010,2010_255,Uruguay,0,0,0,0
2010,2010_255,France,0,0,0,0
2006,2006_256,Italy,1,0,0,0
2006,2006_256,France,0,0,1,0
2006,2006_257,Germany,0,2,0,1
2006,2006_257,Portugal,0,1,0,2
2006,2006_258,Portugal,0,0,0,0
2006,2006_258,France,0,0,0,0
2006,2006_259,Germany,0,0,0,2
2006,2006_259,Italy,0,2,0,0
2006,2006_260,England,0,0,0,0
2006,2006_260,Portugal,0,0,0,0
2006,2006_261,Brazil,0,0,0,1
2006,2006_261,France,0,1,0,0
2006,2006_262,Germany,0,1,0,1
2006,2006_262,Argentina,0,1,0,1
2006,2006_263,Italy,1,2,0,0
2006,2006_263,Ukraine,0,0,1,2
2006,2006_264,Brazil,2,1,0,0
2006,2006_264,Ghana,0,0,2,1
2006,2006_265,Spain,0,0,1,2
2006,2006_265,France,1,2,0,0
2006,2006_266,Italy,0,0,0,0
2006,2006_266,Australia,0,0,0,0
2006,2006_267,Switzerland,0,0,0,0
2006,2006_267,Ukraine,0,0,0,0
2006,2006_268,England,0,1,0,0
2006,2006_268,Ecuador,0,0,0,1
2006,2006_269,Portugal,1,0,0,0
2006,2006_269,Netherlands,0,0,1,0
2006,2006_270,Germany,2,0,0,0
2006,2006_270,Sweden,0,0,2,0
2006,2006_271,Argentina,1,0,1,0
2006,2006_271,Mexico,1,0,1,0
2006,2006_272,Saudi Arabia,0,0,1,0
2006,2006_272,Spain,1,0,0,0
2006,2006_273,Ukraine,0,0,0,0
2006,2006_273,Tunisia,0,0,0,0
2006,2006_274,Togo,0,0,0,2
2006,2006_274,France,0,2,0,0
2006,2006_275,Switzerland,1,1,0,0
2006,2006_275,Korea Republic,0,0,1,1
2006,2006_276,Ghana,1,0,1,0
2006,2006_276,United States,1,0,1,0
2006,2006_277,Czech Republic,0,0,1,1
2006,2006_277,Italy,1,1,0,0
2006,2006_278,Japan,1,0,1,3
2006,2006_278,Brazil,1,3,1,0
2006,2006_279,Croatia,1,1,0,1
2006,2006_279,Australia,0,1,1,1
2006,2006_280,Portugal,1,0,1,0
2006,2006_280,Mexico,1,0,1,0
2006,2006_281,IR Iran,0,1,0,1
2006,2006_281,Angola,0,1,0,1
2006,2006_282,Côte d'Ivoire,0,1,3,0
2006,2006_282,Serbia and Montenegro,3,0,0,1
2006,2006_283,Netherlands,0,0,0,0
2006,2006_283,Argentina,0,0,0,0
2006,2006_284,Costa Rica,1,0,1,1
2006,2006_284,Poland,1,1,1,0
2006,2006_285,Ecuador,0,0,2,1
2006,2006_285,Germany,2,1,0,0
2006,2006_286,Paraguay,0,1,0,0
2006,2006_286,Trinidad and Tobago,0,0,0,1
2006,2006_287,Sweden,0,2,1,1
2006,2006_287,England,1,1,0,2
2006,2006_288,Togo,0,0,1,1
2006,2006_288,Switzerland,1,1,0,0
2006,2006_289,Saudi Arabia,0,0,2,2
2006,2006_289,Ukraine,2,2,0,0
2006,2006_290,Spain,0,2,1,0
2006,2006_290,Tunisia,1,0,0,2
2006,2006_291,Japan,0,0,0,0
2006,2006_291,Croatia,0,0,0,0
2006,2006_292,Brazil,0,2,0,0
2006,2006_292,Australia,0,0,0,2
2006,2006_293,France,1,0,0,1
2006,2006_293,Korea Republic,0,1,1,0
2006,2006_294,Portugal,0,1,0,0
2006,2006_294,IR Iran,0,0,0,1
2006,2006_295,Czech Republic,0,0,1,1
2006,2006_295,Ghana,1,1,0,0
2006,2006_296,Italy,1,0,0,0
2006,2006_296,United States,0,0,1,0
2006,2006_297,Argentina,3,3,0,0
2006,2006_297,Serbia and Montenegro,0,0,3,3
2006,2006_298,Netherlands,2,0,1,0
2006,2006_298,Côte d'Ivoire,1,0,2,0
2006,2006_299,Mexico,0,0,0,0
2006,2006_299,Angola,0,0,0,0
2006,2006_300,Ecuador,1,2,0,0
2006,2006_300,Costa Rica,0,0,1,2
2006,2006_301,England,0,2,0,0
2006,2006_301,Trinidad and Tobago,0,0,0,2
2006,2006_302,Sweden,0,1,0,0
2006,2006_302,Paraguay,0,0,0,1
2006,2006_303,Spain,2,1,0,0
2006,2006_303,Ukraine,0,0,2,1
2006,2006_304,Tunisia,1,1,0,2
2006,2006_304,Saudi Arabia,0,2,1,1
2006,2006_305,Germany,0,1,0,0
2006,2006_305,Poland,0,0,0,1
2006,2006_306,Korea Republic,0,2,1,0
2006,2006_306,Togo,1,0,0,2
2006,2006_307,France,0,0,0,0
2006,2006_307,Switzerland,0,0,0,0
2006,2006_308,Brazil,1,0,0,0
2006,2006_308,Croatia,0,0,1,0
2006,2006_309,Australia,0,3,1,0
2006,2006_309,Japan,1,0,0,3
2006,2006_310,United States,0,0,2,1
2006,2006_310,Czech Republic,2,1,0,0
2006,2006_311,Italy,1,1,0,0
2006,2006_311,Ghana,0,0,1,1
2006,2006_312,Serbia and Montenegro,0,0,1,0
2006,2006_312,Netherlands,1,0,0,0
2006,2006_313,Mexico,1,2,1,0
2006,2006_313,IR Iran,1,0,1,2
2006,2006_314,Angola,0,0,1,0
2006,2006_314,Portugal,1,0,0,0
2006,2006_315,England,0,0,0,0
2006,2006_315,Paraguay,0,0,0,0
2006,2006_316,Trinidad and Tobago,0,0,0,0
2006,2006_316,Sweden,0,0,0,0
2006,2006_317,Argentina,2,0,0,1
2006,2006_317,Côte d'Ivoire,0,1,2,0
2006,2006_318,Germany,2,2,1,1
2006,2006_318,Costa Rica,1,1,2,2
2006,2006_319,Poland,0,0,1,1
2006,2006_319,Ecuador,1,1,0,0
2002,2002_320,Germany,0,0,0,2
2002,2002_320,Brazil,0,2,0,0
2002,2002_321,Korea Republic,1,1,3,0
2002,2002_321,Türkiye,3,0,1,1
2002,2002_322,Brazil,0,1,0,0
2002,2002_322,Türkiye,0,0,0,1
2002,2002_323,Germany,0,1,0,0
2002,2002_323,Korea Republic,0,0,0,1
2002,2002_324,Spain,0,0,0,0
2002,2002_324,Korea Republic,0,0,0,0
2002,2002_325,Senegal,0,0,0,1
2002,2002_325,Türkiye,0,1,0,0
2002,2002_326,England,1,0,1,1
2002,2002_326,Brazil,1,1,1,0
2002,2002_327,Germany,1,0,0,0
2002,2002_327,United States,0,0,1,0
2002,2002_328,Japan,0,0,1,0
2002,2002_328,Türkiye,1,0,0,0
2002,2002_329,Korea Republic,0,2,1,0
2002,2002_329,Italy,1,0,0,2
2002,2002_330,Mexico,0,0,1,1
2002,2002_330,United States,1,1,0,0
2002,2002_331,Brazil,0,2,0,0
2002,2002_331,Belgium,0,0,0,2
2002,2002_332,Sweden,1,0,1,1
2002,2002_332,Senegal,1,1,1,0
2002,2002_333,Spain,1,0,0,0
2002,2002_333,Republic of Ireland,0,0,1,0
2002,2002_334,Germany,0,1,0,0
2002,2002_334,Paraguay,0,0,0,1
2002,2002_335,Denmark,0,0,3,0
2002,2002_335,England,3,0,0,0
2002,2002_336,Tunisia,0,0,0,2
2002,2002_336,Japan,0,2,0,0
2002,2002_337,Belgium,1,2,0,2
2002,2002_337,Russia,0,2,1,2
2002,2002_338,Portugal,0,0,0,1
2002,2002_338,Korea Republic,0,1,0,0
2002,2002_339,Poland,2,1,0,1
2002,2002_339,United States,0,1,2,1
2002,2002_340,Costa Rica,1,1,3,2
2002,2002_340,Brazil,3,2,1,1
2002,2002_341,Türkiye,2,1,0,0
2002,2002_341,China PR,0,0,2,1
2002,2002_342,Mexico,1,0,0,1
2002,2002_342,Italy,0,1,1,0
2002,2002_343,Ecuador,0,1,0,0
2002,2002_343,Croatia,0,0,0,1
2002,2002_344,Sweden,0,1,0,1
2002,2002_344,Argentina,0,1,0,1
2002,2002_345,Nigeria,0,0,0,0
2002,2002_345,England,0,0,0,0
2002,2002_346,South Africa,1,1,2,1
2002,2002_346,Spain,2,1,1,1
2002,2002_347,Slovenia,1,0,0,3
2002,2002_347,Paraguay,0,3,1,0
2002,2002_348,Denmark,1,1,0,0
2002,2002_348,France,0,0,1,1
2002,2002_349,Senegal,3,0,0,2
2002,2002_349,Uruguay,0,2,3,0
2002,2002_350,Saudi Arabia,0,0,1,2
2002,2002_350,Republic of Ireland,1,2,0,0
2002,2002_351,Cameroon,0,0,0,2
2002,2002_351,Germany,0,2,0,0
2002,2002_352,Korea Republic,0,1,1,0
2002,2002_352,United States,1,0,0,1
2002,2002_353,Tunisia,1,0,1,0
2002,2002_353,Belgium,1,0,1,0
2002,2002_354,Portugal,1,3,0,0
2002,2002_354,Poland,0,0,1,3
2002,2002_355,Mexico,1,1,1,0
2002,2002_355,Ecuador,1,0,1,1
2002,2002_356,Costa Rica,0,1,0,1
2002,2002_356,Türkiye,0,1,0,1
2002,2002_357,Japan,0,1,0,0
2002,2002_357,Russia,0,0,0,1
2002,2002_358,South Africa,1,0,0,0
2002,2002_358,Slovenia,0,0,1,0
2002,2002_359,Italy,0,1,0,2
2002,2002_359,Croatia,0,2,0,1
2002,2002_360,Brazil,2,1,0,0
2002,2002_360,China PR,0,0,2,1
2002,2002_361,Sweden,1,0,1,0
2002,2002_361,Nigeria,1,0,1,0
2002,2002_362,Spain,0,2,0,0
2002,2002_362,Paraguay,0,0,0,2
2002,2002_363,Argentina,0,0,0,0
2002,2002_363,England,0,0,0,0
2002,2002_364,Denmark,0,0,0,1
2002,2002_364,Senegal,0,1,0,0
2002,2002_365,Cameroon,0,1,0,0
2002,2002_365,Saudi Arabia,0,0,0,1
2002,2002_366,France,0,0,0,0
2002,2002_366,Uruguay,0,0,0,0
2002,2002_367,Russia,0,1,0,0
2002,2002_367,Tunisia,0,0,0,1
2002,2002_368,United States,2,0,1,0
2002,2002_368,Portugal,1,0,2,0
2002,2002_369,Germany,1,0,0,1
2002,2002_369,Republic of Ireland,0,1,1,0
2002,2002_370,China PR,0,0,0,2
2002,2002_370,Costa Rica,0,2,0,0
2002,2002_371,Japan,0,2,0,2
2002,2002_371,Belgium,0,2,0,2
2002,2002_372,Korea Republic,1,1,0,0
2002,2002_372,Poland,0,0,1,1
2002,2002_373,Croatia,0,0,0,0
2002,2002_373,Mexico,0,0,0,0
2002,2002_374,Brazil,0,1,1,0
2002,2002_374,Türkiye,1,0,0,1
2002,2002_375,Italy,2,0,0,0
2002,2002_375,Ecuador,0,0,2,0
2002,2002_376,Argentina,0,1,0,0
2002,2002_376,Nigeria,0,0,0,1
2002,2002_377,Paraguay,1,1,0,1
2002,2002_377,South Africa,0,1,1,1
2002,2002_378,England,1,0,0,1
2002,2002_378,Sweden,0,1,1,0
2002,2002_379,Spain,1,1,0,1
2002,2002_379,Slovenia,0,1,1,1
2002,2002_380,Republic of Ireland,0,1,1,0
2002,2002_380,Cameroon,1,0,0,1
2002,2002_381,Uruguay,0,1,1,1
2002,2002_381,Denmark,1,1,0,1
2002,2002_382,Germany,4,4,0,0
2002,2002_382,Saudi Arabia,0,0,4,4
2002,2002_383,France,0,0,1,0
2002,2002_383,Senegal,1,0,0,0
